label,horizon_sessions,signals,resolved,gross_mean_return,gross_median_return,net_mean_return,net_median_return,net_win_rate,net_p10,net_p90,cost_bps_round_trip
"ALL Web Pro signals, hold 10",10,646718,637499,0.004466082638415706,-0.005405405405405461,0.0034460826384157058,-0.006425405405405461,0.4661575939726964,-0.11876655217278173,0.12831417455310246,10.2
"ALL Web Pro signals, hold 20",20,646718,629338,0.011626412807925457,-0.006802721088435382,0.010606412807925455,-0.007822721088435382,0.4721866469210504,-0.1588036029223949,0.1869835810205909,10.2
"ALL Web Pro signals, hold 60",60,646718,598980,0.021179504387670654,-0.024456521739130488,0.020159504387670644,-0.025476521739130488,0.44361080503522654,-0.23227013991493176,0.30098663484100663,10.2
strict_platform_breakout_v2,10,19777,19538,-0.002096931083001582,-0.010005631335252174,-0.0031169310830015816,-0.011025631335252174,0.4346913706622991,-0.10955562836167088,0.10283415022732129,10.2
strict_oversold_rebound_v2,10,147964,146580,0.008460159744334107,0.0,0.007440159744334107,-0.0010199999999999999,0.49781689179969985,-0.0967646808510638,0.12184439487138199,10.2
bollinger_squeeze,10,48501,47903,0.0011063889301956439,-0.006379585326953596,8.638893019564296e-05,-0.007399585326953596,0.45312402146003383,-0.10618672656438488,0.10545776290816526,10.2
obv_volume_price,10,77978,76693,0.004577413928016655,-0.006746120980436254,0.0035574139280166546,-0.007766120980436254,0.4583208376253374,-0.11794423980885062,0.12800426430443484,10.2
washout_complete,10,5916,5755,0.0004210917958257028,-0.018103328227266346,-0.0005989082041742992,-0.019123328227266347,0.4251954821894005,-0.1335001324503311,0.14791682022526248,10.2
main_wave_acceleration,10,14736,14482,-0.0016006623443207697,-0.017163379070217977,-0.0026206623443207734,-0.018183379070217977,0.42273166689683744,-0.14792301673876337,0.14935699863484148,10.2
donchian_turtle,10,24564,24242,-0.00135320582631357,-0.01416255972421232,-0.002373205826313573,-0.01518255972421232,0.4306987872287765,-0.14226823176460582,0.1384945459847687,10.2
relative_strength_rank,10,20366,20112,-0.0014984043433140554,-0.02303582527707959,-0.0025184043433140587,-0.02405582527707959,0.4170644391408115,-0.16945931858509927,0.18062731155920964,10.2
atr_trend_follow,10,38463,37800,0.0007349481959512578,-0.01017239536056419,-0.000285051804048743,-0.01119239536056419,0.44275132275132273,-0.12860851570669965,0.1271851282051282,10.2
strict_washout_complete,10,19897,19351,0.004765411258731067,-0.009259259259259411,0.0037454112587310654,-0.010279259259259411,0.4554803369334918,-0.12862929499803075,0.14415876489707483,10.2
strict_platform_breakout,10,13206,13034,-0.0026526461204396347,-0.011246135469364815,-0.003672646120439635,-0.012266135469364815,0.4270369802056161,-0.11124037124368213,0.10488811930440496,10.2
strict_washout_complete_v2,10,23412,22770,0.004563897817435753,-0.008927907199183793,0.0035438978174357513,-0.009947907199183793,0.45687307861220905,-0.12852304455637528,0.14214804270744436,10.2
strict_accumulation_base_v2,10,78544,77081,0.00882888224402398,0.000526315789473708,0.00780888224402398,-0.0004936842105262918,0.49809940192784213,-0.08560917573057267,0.10467105691056913,10.2
gap_follow_through,10,4022,3978,0.002262753619127417,-0.020590729225551163,0.001242753619127412,-0.021610729225551163,0.4348919054801408,-0.18710493631971886,0.19809609106009557,10.2
turnover_regime_switch,10,2891,2844,-0.001261231731467703,-0.015202013532439218,-0.0022812317314677053,-0.016222013532439218,0.42967651195499296,-0.15605384285210458,0.14805237422771414,10.2
limit_up_retest,10,12195,12035,0.0015603779707183078,-0.015217391304347738,0.0005403779707183042,-0.01623739130434774,0.4428749480681346,-0.17037515233387568,0.17828931684783308,10.2
strict_gap_follow_through,10,3172,3137,0.0005546653879706841,-0.02579559792513675,-0.0004653346120293204,-0.02681559792513675,0.4271597067261715,-0.19351404337643827,0.21057189780740532,10.2
strict_obv_volume_price,10,2887,2857,-0.008185472146995224,-0.025844930417495027,-0.009205472146995228,-0.026864930417495027,0.4014700735036752,-0.18169870213747497,0.16216470575692407,10.2
strict_gap_follow_through_v2,10,6040,5981,0.0051141992852831745,-0.012987012987013102,0.004094199285283172,-0.014007012987013102,0.4524327035612774,-0.1736863069451939,0.18508709117221403,10.2
strict_turnover_weak_to_strong_v2,10,6834,6792,7.905382279173651e-05,-0.014295445698715381,-0.000940946177208267,-0.015315445698715381,0.4383097762073027,-0.16384911336270738,0.15946671032870943,10.2
strict_leader_momentum_v2,10,3261,3239,-0.01718567280664522,-0.04624962941002064,-0.018205672806645225,-0.04726962941002064,0.3775856745909231,-0.2192878191888382,0.20442725975072196,10.2
strict_obv_volume_price_v2,10,2923,2892,-0.007989436777327132,-0.02562539086929322,-0.009009436777327138,-0.02664539086929322,0.4021438450899032,-0.18096110258673367,0.16245984595501903,10.2
strict_bollinger_release_v2,10,3763,3722,-0.000458524223794569,-0.009207295756521738,-0.0014785242237945711,-0.010227295756521738,0.44250403009134875,-0.11729616279069766,0.11272987533659114,10.2
strict_first_board_breakout_v2,10,16643,16420,0.006899908932040378,-0.002923776020078539,0.005879908932040375,-0.003943776020078539,0.47771010962241167,-0.09894897760861027,0.11265538779731142,10.2
platform_breakout,10,1537,1514,-0.012869619016594605,-0.020993304517332056,-0.013889619016594608,-0.022013304517332057,0.3579920739762219,-0.12717874872807247,0.09414026112992677,10.2
rsi_mean_reversion,10,25614,25476,0.017943550051941492,0.007032406900059351,0.01692355005194149,0.006012406900059351,0.5261422515308526,-0.10292471818972085,0.1537186126982432,10.2
first_board_breakout,10,5803,5749,0.007382942416426579,-0.0025146689019278634,0.006362942416426577,-0.0035346689019278635,0.47608279700817535,-0.09426035084115607,0.11124275031902654,10.2
pullback_retest,10,8165,7948,0.00385129267765268,-0.006515664849707392,0.0028312926776526783,-0.007535664849707392,0.4613739305485657,-0.10273072966403697,0.11343179861075195,10.2
strict_relative_strength_v2,10,3299,3267,-0.017592908341783325,-0.054492652848363465,-0.018612908341783328,-0.055512652848363465,0.367003367003367,-0.2153535726250298,0.2117418583099623,10.2
strict_relative_strength,10,2889,2864,-0.01696325272364643,-0.05481731920663657,-0.017983252723646433,-0.05583731920663657,0.37011173184357543,-0.2171619312201626,0.2166163223325445,10.2
leader_momentum,10,619,616,-0.04551871093874907,-0.09252239920026145,-0.046538710938749075,-0.09354239920026144,0.32792207792207795,-0.2701790707881841,0.2005452258189572,10.2
high_level_consensus,10,169,162,0.019147599442826846,-0.0031682260751645375,0.01812759944282684,-0.0041882260751645375,0.47530864197530864,-0.10801480081823187,0.13002265544436184,10.2
oversold_rebound,10,336,334,0.04061546259609803,0.03320896940109774,0.03959546259609802,0.03218896940109774,0.5868263473053892,-0.1417953990888551,0.24140550976783948,10.2
turnover_weak_to_strong,10,269,269,0.0005270797766366163,-0.022628582456817425,-0.0004929202233633864,-0.023648582456817425,0.4163568773234201,-0.17372283438329417,0.17554450512672967,10.2
reversal_engulf,10,63,62,-0.03449502176796705,-0.061302507852821375,-0.035515021767967045,-0.06232250785282137,0.3225806451612903,-0.17431771500656382,0.12640949234488313,10.2
