strategy_id,evaluated_points,signals_raw__webpro,signals_deduped__webpro,bull_hits_raw__webpro,bull_precision_raw__webpro,bull_hits_deduped__webpro,bull_precision_deduped__webpro,joint_hits_deduped__webpro,joint_precision_deduped__webpro,strict_low_rate_deduped__webpro,distinct_stocks__webpro,distinct_dates__webpro,censored_signals__webpro,hhi_date_concentration__webpro,bull_wilson_low__webpro,bull_wilson_high__webpro,joint_wilson_low__webpro,joint_wilson_high__webpro,baseline__webpro,lift__webpro,signals_raw__low60,signals_deduped__low60,bull_hits_raw__low60,bull_precision_raw__low60,bull_hits_deduped__low60,bull_precision_deduped__low60,joint_hits_deduped__low60,joint_precision_deduped__low60,strict_low_rate_deduped__low60,distinct_stocks__low60,distinct_dates__low60,censored_signals__low60,hhi_date_concentration__low60,bull_wilson_low__low60,bull_wilson_high__low60,joint_wilson_low__low60,joint_wilson_high__low60,baseline__low60,lift__low60,signals_raw__low504,signals_deduped__low504,bull_hits_raw__low504,bull_precision_raw__low504,bull_hits_deduped__low504,bull_precision_deduped__low504,joint_hits_deduped__low504,joint_precision_deduped__low504,strict_low_rate_deduped__low504,distinct_stocks__low504,distinct_dates__low504,censored_signals__low504,hhi_date_concentration__low504,bull_wilson_low__low504,bull_wilson_high__low504,joint_wilson_low__low504,joint_wilson_high__low504,baseline__low504,lift__low504
leader_momentum,619,616,553,127,0.20616883116883117,106,0.19168173598553345,106,0.19168173598553345,0.6473779385171791,520,217,3,0.010022595803262823,0.16104591792450834,0.2265715186036798,0.16104591792450834,0.2265715186036798,0.03034793997315741,6.316136652276066,587,528,1,0.0017035775127768314,1,0.001893939393939394,1,0.001893939393939394,0.3125,498,201,32,0.01079688934802571,0.0003344050791884998,0.01064905385168722,0.0003344050791884998,0.01064905385168722,0.0007520328727222289,2.5184263383110648,170,158,2,0.011764705882352941,2,0.012658227848101266,1,0.006329113924050633,0.056962025316455694,158,63,449,0.024835763499439195,0.0034782344575124864,0.04497324934542185,0.0011181190763210579,0.03497559178898904,0.04695598442435639,0.2695764555526038
strict_leader_momentum_v2,3261,3239,2502,517,0.15961716579191107,401,0.16027178257394084,399,0.15947242206235013,0.8101518784972023,1775,389,22,0.010847916391107737,0.14641935271951628,0.1751658201908008,0.14565020073008006,0.17433870199884954,0.03034793997315741,5.281142071445389,3029,2332,8,0.002641135688345989,6,0.002572898799313894,6,0.002572898799313894,0.47855917667238423,1718,350,232,0.012196261132310841,0.0011796996037710021,0.005602207088086445,0.0011796996037710021,0.005602207088086445,0.0007520328727222289,3.4212584218565407,802,631,31,0.03865336658354115,27,0.042789223454833596,12,0.01901743264659271,0.10935023771790808,603,104,2459,0.02129038253369868,0.029571620102037267,0.061540039379280535,0.010911633426793107,0.03294413313327607,0.04695598442435639,0.911262408389388
strict_relative_strength,2889,2864,1955,451,0.15747206703910616,308,0.15754475703324808,307,0.15703324808184144,0.8,1502,337,25,0.016453319902407754,0.14206904603179749,0.17436363718998044,0.14157980257433156,0.17383186897190012,0.03034793997315741,5.191283400869897,2730,1892,5,0.0018315018315018315,5,0.002642706131078224,5,0.002642706131078224,0.3927061310782241,1473,314,159,0.017459739238096086,0.001129318084224016,0.006171639892137672,0.001129318084224016,0.006171639892137672,0.0007520328727222289,3.514083262759625,426,311,7,0.01643192488262911,5,0.01607717041800643,1,0.003215434083601286,0.06752411575562701,308,74,2463,0.025361607096700822,0.006886252787746997,0.03707701327174931,0.0005678287489161854,0.01798582311947039,0.04695598442435639,0.3423881027115064
strict_relative_strength_v2,3299,3267,2167,498,0.15243342516069788,334,0.15413013382556529,333,0.15366866635902168,0.8071065989847716,1623,348,32,0.0169086194328699,0.1395408347868079,0.16994351566671195,0.13909875451370995,0.16946429420592535,0.03034793997315741,5.078767585605236,3114,2092,7,0.00224791265253693,6,0.0028680688336520078,6,0.0028680688336520078,0.4010516252390057,1590,325,185,0.017989865791195818,0.001315104180544379,0.006243415455577302,0.001315104180544379,0.006243415455577302,0.0007520328727222289,3.8137546079203886,492,353,16,0.032520325203252036,13,0.036827195467422094,7,0.019830028328611898,0.08498583569405099,349,79,2807,0.024564838815815872,0.021646218501669555,0.06198044001305441,0.009638145384366035,0.040360133626311114,0.04695598442435639,0.7842918409419946
strict_gap_follow_through,3172,3137,2586,446,0.1421740516416959,342,0.13225058004640372,340,0.131477184841454,0.8557617942768755,1745,391,35,0.010839495672156994,0.11973775357891982,0.14585435688714263,0.11899783805438592,0.1450497763243286,0.03034793997315741,4.357810782655385,2979,2450,1,0.0003356831151393085,0,0.0,0,0.0,0.5783673469387756,1710,360,193,0.01189271137026239,0.0,0.0015654877811626486,0.0,0.0015654877811626486,0.0007520328727222289,0.0,1049,864,79,0.07530981887511916,63,0.07291666666666667,44,0.05092592592592592,0.28703703703703703,823,113,2123,0.05619855967078188,0.057405945046404276,0.0922083162924526,0.03815253961108414,0.06767492217611494,0.04695598442435639,1.5528727075061448
gap_follow_through,4022,3978,3198,517,0.12996480643539468,398,0.12445278298936835,396,0.12382739212007504,0.8686679174484052,1981,430,44,0.011980791622030812,0.11346068571436986,0.13634601743054248,0.1128606881473937,0.13569673390367168,0.03034793997315741,4.100864279402364,3777,3032,4,0.0010590415673815197,2,0.0006596306068601583,2,0.0006596306068601583,0.5992744063324539,1945,395,245,0.013162806928383957,0.00018091314656831152,0.00240204743522051,0.00018091314656831152,0.00240204743522051,0.0007520328727222289,0.8771300175648035,1364,1090,119,0.0872434017595308,93,0.0853211009174312,59,0.05412844036697248,0.30275229357798167,1006,120,2658,0.06630586650955307,0.07015831754875457,0.10339650366397254,0.04219407482019211,0.06919451612977551,0.04695598442435639,1.817044237564202
oversold_rebound,336,334,310,41,0.12275449101796407,37,0.11935483870967742,37,0.11935483870967742,0.932258064516129,303,108,2,0.061103017689906385,0.0878441315791454,0.16018383487625842,0.0878441315791454,0.16018383487625842,0.03034793997315741,3.9328810724960617,280,258,0,0.0,0,0.0,0,0.0,0.6821705426356589,254,93,56,0.08238687578871466,0.0,0.014670934228657465,0.0,0.014670934228657465,0.0007520328727222289,0.0,160,149,18,0.1125,18,0.12080536912751678,11,0.0738255033557047,0.46308724832214765,149,36,176,0.23093554344398898,0.0777972629488658,0.1828745412075844,0.04172033311633155,0.12735328748428063,0.04695598442435639,2.572736374468474
strict_obv_volume_price_v2,2923,2892,2453,357,0.12344398340248963,287,0.11699959233591521,287,0.11699959233591521,0.8830004076640848,1810,358,31,0.015947759168744177,0.10487473432241097,0.13032215098986438,0.10487473432241097,0.13032215098986438,0.03034793997315741,3.85527295886972,2800,2374,6,0.002142857142857143,5,0.0021061499578770007,5,0.0021061499578770007,0.6027801179443977,1780,328,123,0.016962048135906467,0.0008999464969801549,0.004921071876363746,0.0008999464969801549,0.004921071876363746,0.0007520328727222289,2.800608901912894,719,625,21,0.02920723226703755,18,0.0288,7,0.0112,0.1248,604,96,2204,0.022074879999999998,0.01829370282832876,0.04506321847805475,0.005435650640404681,0.02293629998472321,0.04695598442435639,0.6133403516732842
strict_obv_volume_price,2887,2857,2427,351,0.12285614280714036,283,0.11660486196950968,283,0.11660486196950968,0.8817470127729707,1793,357,30,0.015879079080302647,0.10443768762607442,0.12998379500617785,0.10443768762607442,0.12998379500617785,0.03034793997315741,3.84226613314268,2765,2348,6,0.00216998191681736,5,0.002129471890971039,5,0.002129471890971039,0.6022146507666098,1763,327,122,0.01689937283969249,0.0009099154759910268,0.004975455227370405,0.0009099154759910268,0.004975455227370405,0.0007520328727222289,2.8316207551708734,709,615,21,0.029619181946403384,18,0.02926829268292683,7,0.011382113821138212,0.12520325203252033,595,95,2178,0.022317403661841508,0.018592423606457596,0.04578829661325536,0.005524205640973253,0.023306213792614806,0.04695598442435639,0.6233133655216303
strict_gap_follow_through_v2,6040,5981,4623,698,0.11670289249289416,522,0.11291369240752758,520,0.11248107289638763,0.8944408392818516,2451,481,59,0.012575022357388914,0.10411010060237459,0.12236004499188828,0.10369308567391122,0.12191253926720191,0.03034793997315741,3.720637793122009,5711,4400,11,0.0019261075118192962,9,0.0020454545454545456,9,0.0020454545454545456,0.6461363636363636,2413,443,329,0.01373419421487603,0.0010765131126799186,0.0038831247455237815,0.0010765131126799186,0.0038831247455237815,0.0007520328727222289,2.71990044537595,2047,1561,167,0.08158280410356619,123,0.07879564381806534,77,0.04932735426008968,0.3023702754644459,1368,134,3993,0.0582885771493741,0.06644085923656327,0.09321841960755763,0.039647478841352585,0.0612199016405319,0.04695598442435639,1.6780745795032996
turnover_weak_to_strong,269,269,256,30,0.11152416356877323,28,0.109375,28,0.109375,0.875,250,118,0,0.0252685546875,0.07676405306596229,0.15353583476674978,0.07676405306596229,0.15353583476674978,0.03034793997315741,3.604033753089719,228,218,0,0.0,0,0.0,0,0.0,0.5091743119266054,216,93,41,0.03320427573436579,0.0,0.017316234941454418,0.0,0.017316234941454418,0.0007520328727222289,0.0,109,105,10,0.09174311926605505,9,0.08571428571428572,3,0.02857142857142857,0.20952380952380953,105,38,160,0.08879818594104305,0.04574947875415183,0.15492275641568207,0.00976383903870233,0.08065629063731557,0.04695598442435639,1.8254177133133456
relative_strength_rank,20366,20112,8977,2235,0.11112768496420047,904,0.10070179347220674,903,0.10059039768296758,0.9245850506850841,2954,572,254,0.01132570184279807,0.0946463826994357,0.10709879531405228,0.09453809020521332,0.1069843915265097,0.03034793997315741,3.3182414872731703,19253,8646,33,0.0017140185945047526,17,0.001966227157066852,17,0.001966227157066852,0.609646079111728,2942,529,1113,0.012093109020073439,0.0012280224591829435,0.003146792848224249,0.0012280224591829435,0.003146792848224249,0.0007520328727222289,2.614549480994693,3824,2098,184,0.04811715481171548,92,0.0438512869399428,39,0.018589132507149667,0.1444232602478551,1629,153,16542,0.02195199749909351,0.035891455843991435,0.053478490700924766,0.013627990775016327,0.025309988337173184,0.04695598442435639,0.9338806858705072
limit_up_retest,12195,12035,6679,1286,0.10685500623182384,659,0.09866746518939962,658,0.0985177421769726,0.9020811498727355,2665,508,160,0.013185376480072723,0.09174458851724317,0.10605173314709816,0.0915997797425079,0.10589726802579323,0.03034793997315741,3.251207998851667,11130,6208,24,0.00215633423180593,12,0.0019329896907216496,12,0.0019329896907216496,0.5956829896907216,2621,461,1065,0.014887155084227865,0.001106125597232458,0.0033758720527815797,0.001106125597232458,0.0033758720527815797,0.0007520328727222289,2.570352654564901,4004,2187,286,0.07142857142857142,151,0.06904435299497028,92,0.04206675811614083,0.30498399634202106,1699,137,8191,0.0757916264981019,0.05915688789105576,0.08044310807822137,0.034425629504635735,0.05131378265794362,0.04695598442435639,1.4704058245482443
reversal_engulf,63,62,61,6,0.0967741935483871,6,0.09836065573770492,5,0.08196721311475409,0.8524590163934426,61,40,1,0.03359312012899758,0.04586457581547049,0.19844607216825946,0.03551956660687358,0.17794661802925352,0.03034793997315741,3.241098269757499,59,59,0,0.0,0,0.0,0,0.0,0.5254237288135594,59,39,4,0.03476012640045966,0.0,0.061129370526788386,0.0,0.061129370526788386,0.0007520328727222289,0.0,22,22,2,0.09090909090909091,2,0.09090909090909091,1,0.045454545454545456,0.2727272727272727,22,15,41,0.10330578512396688,0.025295428990995267,0.27814946841605814,0.00806942762126385,0.21798045838657332,0.04695598442435639,1.936049089877791
strict_turnover_weak_to_strong_v2,6834,6792,5182,691,0.10173733804475854,509,0.09822462369741412,508,0.09803164801235044,0.9019683519876496,2594,475,42,0.018012801787978188,0.09041653747738868,0.10662794738294676,0.09023078981443246,0.1064280295727331,0.03034793997315741,3.2366158554515816,6343,4812,19,0.0029954280309002048,14,0.0029093931837073984,14,0.0029093931837073984,0.6473399833748961,2549,429,491,0.020463008452821955,0.001733899289245255,0.0048779169619673594,0.001733899289245255,0.0048779169619673594,0.0007520328727222289,3.868704799001536,2658,1976,170,0.06395786305492852,128,0.06477732793522267,87,0.04402834008097166,0.3026315789473684,1666,137,4176,0.07607842695340032,0.054747134287029056,0.076496434566949,0.03583290893589168,0.05399320215414813,0.04695598442435639,1.3795329547307336
turnover_regime_switch,2891,2844,2465,248,0.08720112517580872,209,0.08478701825557809,209,0.08478701825557809,0.9075050709939148,1811,344,47,0.016928767450184942,0.07442588558360529,0.09644027405314902,0.07442588558360529,0.09644027405314902,0.03034793997315741,2.7938310913548583,2767,2396,4,0.0014456089627755693,4,0.001669449081803005,4,0.001669449081803005,0.6439899833055092,1779,320,124,0.017840669340386455,0.000649401716194663,0.004284865410981786,0.000649401716194663,0.004284865410981786,0.0007520328727222289,2.219915036107249,1273,1087,73,0.05734485467399843,58,0.05335786568537258,38,0.034958601655933765,0.2529898804047838,1046,106,1618,0.0661146323236307,0.041501275455902986,0.06836020611104664,0.02557416063412185,0.04761838093558575,0.04695598442435639,1.136337920277857
main_wave_acceleration,14736,14482,9035,1269,0.08762601850573125,724,0.0801328168234643,722,0.0799114554510238,0.9414499169894853,3049,533,254,0.010878472055270517,0.07471136066008195,0.08591115555895097,0.07449715037453086,0.08568283125439743,0.03034793997315741,2.640469728566135,13978,8694,24,0.0017169838317355845,15,0.001725327812284334,15,0.001725327812284334,0.650103519668737,3034,496,758,0.011624245643709341,0.0010458848798199282,0.0028449033095157917,0.0010458848798199282,0.0028449033095157917,0.0007520328727222289,2.294218610469707,3602,2418,148,0.041088284286507494,92,0.0380479735318445,49,0.020264681555004136,0.19313482216708022,1921,139,11134,0.026361429066944154,0.0311262112993555,0.04643520715623685,0.015362503071989575,0.02668874617464171,0.04695598442435639,0.81029018980824
donchian_turtle,24564,24242,13582,1941,0.08006765118389572,942,0.0693565012516566,940,0.06920924753350022,0.9486084523634222,3153,622,322,0.014328192261011565,0.0652044457432764,0.07375208959852246,0.06506143069211695,0.07360068048669399,0.03034793997315741,2.285377568065643,23349,13035,32,0.001370508372949591,18,0.001380897583429229,18,0.001380897583429229,0.682777138473341,3143,577,1215,0.01542349541650353,0.000873693879121613,0.002181904192725608,0.000873693879121613,0.002181904192725608,0.0007520328727222289,1.8362197099584472,6537,4003,304,0.046504512773443474,170,0.04246814888833375,93,0.023232575568323758,0.20109917561828627,2505,185,18027,0.024330178546454886,0.03664751638063007,0.049166075785278755,0.01900296987308814,0.028376358900396418,0.04695598442435639,0.9044246310445838
high_level_consensus,169,162,158,10,0.06172839506172839,10,0.06329113924050633,10,0.06329113924050633,0.9746835443037974,158,80,7,0.04550552796026276,0.03473843819243328,0.11257522911149492,0.03473843819243328,0.11257522911149492,0.03034793997315741,2.0855168191477578,160,156,0,0.0,0,0.0,0,0.0,0.6730769230769231,156,78,9,0.04659763313609471,0.0,0.024032931437414938,0.0,0.024032931437414938,0.0007520328727222289,0.0,33,32,1,0.030303030303030304,1,0.03125,1,0.03125,0.25,32,24,136,0.05078125,0.005537860164003122,0.15744263820012558,0.005537860164003122,0.15744263820012558,0.04695598442435639,0.6655168746454906
strict_bollinger_release_v2,3763,3722,3236,235,0.0631380977968834,203,0.06273176761433868,203,0.06273176761433868,0.9632262051915945,2184,362,41,0.022890656871628053,0.05488462409047018,0.07161584330273268,0.05488462409047018,0.07161584330273268,0.03034793997315741,2.0670848719822366,3661,3180,8,0.002185195301830101,5,0.0015723270440251573,5,0.0015723270440251573,0.7650943396226415,2169,341,102,0.023667576440805353,0.000671785294021985,0.003675623017515314,0.000671785294021985,0.003675623017515314,0.0007520328727222289,2.0907690355789974,1166,1007,27,0.023156089193825044,23,0.022840119165839126,11,0.010923535253227408,0.1807348560079444,962,100,2597,0.02974905551901337,0.01526707478758147,0.03403982530617017,0.006110326853856712,0.019453977612683727,0.04695598442435639,0.4864155111609544
washout_complete,5916,5755,4499,382,0.06637706342311034,281,0.06245832407201601,281,0.06245832407201601,0.9370971326961547,2567,405,161,0.03391171217273296,0.05575377078770412,0.06990942743844207,0.05575377078770412,0.06990942743844207,0.03034793997315741,2.058074588497936,5561,4350,5,0.0008991188635137566,3,0.000689655172413793,3,0.000689655172413793,0.6303448275862069,2538,376,355,0.03612894702074251,0.00023457209131095007,0.0020258360824308283,0.00023457209131095007,0.0020258360824308283,0.0007520328727222289,0.9170545562953394,1682,1397,77,0.045778834720570746,67,0.047959914101646385,29,0.020758768790264854,0.22476735862562633,1301,105,4234,0.17576522756351298,0.037941317841105285,0.06045772507181414,0.014491994578051169,0.029653942445226032,0.04695598442435639,1.0213802285182045
atr_trend_follow,38463,37800,17431,2484,0.06571428571428571,994,0.05702484080087201,993,0.05696747174574035,0.9601285066834949,3168,633,663,0.014182636880102075,0.053678976695315093,0.06056590838294724,0.053623246482299124,0.0605069257662123,0.03034793997315741,1.8790349806711815,36098,16424,43,0.0011912017286276248,18,0.001095957135898685,18,0.001095957135898685,0.7006210423770093,3159,587,2365,0.015567957824423358,0.0006933839126535214,0.0017318561239370333,0.0006933839126535214,0.0017318561239370333,0.0007520328727222289,1.4573261032214053,11002,5322,514,0.04671877840392656,229,0.04302893649004134,115,0.021608417888012026,0.23581360390830514,2771,192,27461,0.03172927645994073,0.03789874627633884,0.04881834104059381,0.01803325294029418,0.02587369784461969,0.04695598442435639,0.9163674666294918
strict_washout_complete,19897,19351,11019,1212,0.06263242209704925,616,0.05590343951356747,614,0.05572193483982212,0.9421000090752337,3114,532,546,0.028231471515251304,0.05176668470359901,0.06034972951115406,0.05159179304380638,0.060161738332166585,0.03034793997315741,1.8420835009893182,18800,10691,16,0.000851063829787234,9,0.0008418295762791133,9,0.0008418295762791133,0.6775792722850996,3108,495,1097,0.02990070271102476,0.0004429637617867446,0.0015992786505755374,0.0004429637617867446,0.0015992786505755374,0.0007520328727222289,1.119405290398857,5243,3350,246,0.04691970246042342,155,0.04626865671641791,61,0.018208955223880597,0.22298507462686568,2471,142,14654,0.13408509690354195,0.039659980857856325,0.05391673189798446,0.014202162659000145,0.023319425754109745,0.04695598442435639,0.9853622979825771
platform_breakout,1537,1514,1361,87,0.05746367239101717,76,0.055841293166789124,76,0.055841293166789124,0.9529757531227039,1213,238,23,0.01929957064677235,0.04484575583621365,0.0693370731022849,0.04484575583621365,0.0693370731022849,0.03034793997315741,1.8400357064163317,1502,1349,0,0.0,0,0.0,0,0.0,0.6819866567828021,1203,228,35,0.019634564438639163,0.0,0.002839548415409165,0.0,0.002839548415409165,0.0007520328727222289,0.0,451,427,12,0.026607538802660754,11,0.02576112412177986,7,0.01639344262295082,0.17798594847775176,427,72,1086,0.0412496092228883,0.014444329629308826,0.04553471438244382,0.007963177308702142,0.03344755152303574,0.04695598442435639,0.5486228100122077
strict_washout_complete_v2,23412,22770,12059,1388,0.06095740008783487,655,0.05431627829836636,653,0.05415042706692097,0.9456837217016336,3127,549,642,0.026545927501969293,0.050411251980946474,0.05850516404804607,0.05025127350423363,0.058333545693808685,0.03034793997315741,1.7897846887271036,22130,11703,19,0.0008585630366018978,11,0.0009399299324959412,11,0.0009399299324959412,0.6796547893702469,3122,511,1282,0.02809737972873566,0.0005249381220412445,0.0016824428279436463,0.0005249381220412445,0.0016824428279436463,0.0007520328727222289,1.2498521894309718,6169,3691,277,0.0449019289998379,162,0.043890544567867784,67,0.01815226225955026,0.2167434299647792,2586,153,17243,0.12085963932419329,0.037742499401753005,0.050987006985601796,0.014319529657224533,0.02298693135252333,0.04695598442435639,0.9347167375134714
obv_volume_price,77978,76693,23588,4482,0.0584407964220985,1115,0.047269798202475836,1115,0.047269798202475836,0.9705358656944209,3180,676,1285,0.010697093675445782,0.0446345420226497,0.05005249047203031,0.0446345420226497,0.05005249047203031,0.03034793997315741,1.557594955185944,72985,21856,84,0.0011509214222100432,21,0.0009608345534407028,21,0.0009608345534407028,0.7206716691068814,3173,631,4993,0.011606516981107805,0.00062855848446285,0.0014685042461635234,0.00062855848446285,0.0014685042461635234,0.0007520328727222289,1.2776496723642516,21847,7505,974,0.044582780244427155,316,0.042105263157894736,152,0.020253164556962026,0.23411059293804132,2900,214,56131,0.03413504033065231,0.0377910469947566,0.046887989352956704,0.017303018674945728,0.023694179162953806,0.04695598442435639,0.8966964205749768
strict_first_board_breakout_v2,16643,16420,10962,766,0.04665042630937881,515,0.046980478014960775,515,0.046980478014960775,0.9760080277321657,3133,569,223,0.01389996944545888,0.04317561878169347,0.051102733016753665,0.04317561878169347,0.051102733016753665,0.03034793997315741,1.548061517734474,15878,10518,15,0.0009447033631439728,11,0.001045826202700133,11,0.001045826202700133,0.7586993725042784,3120,527,765,0.014941291165181168,0.0005840895460464623,0.0018718929853221945,0.0005840895460464623,0.0018718929853221945,0.0007520328727222289,1.3906655422048548,4918,3333,232,0.04717364782431883,140,0.04200420042004201,81,0.024302430243024302,0.264026402640264,2339,161,11725,0.024825434838713398,0.035704806364126235,0.04935810786884705,0.019596726553968803,0.030103404802977893,0.04695598442435639,0.8945441339369331
bollinger_squeeze,48501,47903,21946,2229,0.04653153247187024,956,0.043561469060421035,955,0.04351590267019047,0.965779640936845,3177,685,598,0.00850987323142048,0.0409398683662007,0.0463428330790437,0.040895657496512486,0.046295927117489546,0.03034793997315741,1.4354011869982253,46423,21009,59,0.0012709217413781962,23,0.0010947689085629968,23,0.0010947689085629968,0.7404921700223713,3172,637,2078,0.009100381674820865,0.000729643361716217,0.0016423089950542596,0.000729643361716217,0.0016423089950542596,0.0007520328727222289,1.4557460827478494,15013,7285,527,0.035102910810630786,287,0.03939601921757035,145,0.01990391214824983,0.22251201098146878,2900,225,33488,0.01996175893810629,0.03516619555881208,0.04411134972534432,0.016940536000569335,0.023373341106072594,0.04695598442435639,0.8389988986608353
first_board_breakout,5803,5749,4556,246,0.042790050443555404,192,0.04214223002633889,192,0.04214223002633889,0.9817822651448639,2584,410,54,0.014007520112601275,0.03668368181114468,0.04837222689165505,0.03668368181114468,0.04837222689165505,0.03034793997315741,1.38863560635791,5595,4420,5,0.0008936550491510277,5,0.0011312217194570137,5,0.0011312217194570137,0.7794117647058824,2557,383,208,0.014786347535881738,0.00048328405999071536,0.0026455484150284007,0.00048328405999071536,0.0026455484150284007,0.0007520328727222289,1.5042184464120387,1545,1269,59,0.038187702265372166,51,0.04018912529550828,27,0.02127659574468085,0.256107171000788,1162,118,4258,0.02385117374303029,0.03069830093042524,0.05245538493297975,0.0146632062429353,0.030779577239530037,0.04695598442435639,0.8558893139648863
strict_platform_breakout,13206,13034,9485,554,0.042504219733005985,392,0.041328413284132844,392,0.041328413284132844,0.9665788086452293,3088,557,172,0.008804079576302954,0.03750481531949855,0.045523388096033054,0.03750481531949855,0.045523388096033054,0.03034793997315741,1.3618193960014289,12663,9208,13,0.0010266129669114744,10,0.0010860121633362294,10,0.0010860121633362294,0.7258905299739357,3078,515,543,0.009277855693043709,0.0005900233547640688,0.0019981083371752245,0.0005900233547640688,0.0019981083371752245,0.0007520328727222289,1.444101983740489,4265,3119,193,0.04525205158264947,140,0.04488618146841936,80,0.025649246553382493,0.21705674895799937,2240,164,8941,0.020935405982692928,0.038162463826005515,0.05272958515040447,0.02065756106812863,0.03180794542049312,0.04695598442435639,0.9559203585802494
strict_platform_breakout_v2,19777,19538,12978,806,0.041252942982905105,522,0.04022191400832178,522,0.04022191400832178,0.9681769147788565,3154,597,239,0.008464696505847552,0.036975385253366445,0.04374054877991538,0.036975385253366445,0.04374054877991538,0.03034793997315741,1.325358954970184,18906,12537,25,0.0013223315349624458,15,0.0011964584828906438,15,0.0011964584828906438,0.7236180904522613,3148,553,871,0.008985873697082288,0.000725229928994361,0.001973269923014492,0.000725229928994361,0.001973269923014492,0.0007520328727222289,1.5909656695719576,6290,4270,276,0.043879173290937996,181,0.042388758782201406,95,0.02224824355971897,0.21498829039812647,2607,187,13487,0.020304614186443186,0.036745780827198836,0.048854366568451844,0.018235039260034024,0.02712028350717549,0.04695598442435639,0.9027338964746326
pullback_retest,8165,7948,5841,330,0.04151987921489683,230,0.039376819037835985,230,0.039376819037835985,0.9700393768190378,2700,452,217,0.017198644874425954,0.03468430409325596,0.04467481318796501,0.03468430409325596,0.04467481318796501,0.03034793997315741,1.2975120905295243,7295,5299,6,0.0008224811514736121,4,0.0007548594074353652,4,0.0007548594074353652,0.6699377240988866,2642,415,870,0.01793446377292735,0.00029358800879850425,0.001939452317345352,0.00029358800879850425,0.001939452317345352,0.0007520328727222289,1.0037585254789523,3018,2120,158,0.052352551358515576,110,0.05188679245283019,48,0.022641509433962263,0.24433962264150944,1803,122,5147,0.06932938768244926,0.04322964435108108,0.062164973449150895,0.017119731428614598,0.029890114059632492,0.04695598442435639,1.105009150354777
strict_accumulation_base_v2,78544,77081,27398,2672,0.034664833097650526,928,0.03387108548069202,927,0.03383458646616541,0.983903934593766,3189,674,1463,0.009565014501744011,0.03179357917643042,0.036079284828554485,0.031758198496665384,0.036041677712845784,0.03034793997315741,1.116091751553839,71250,24913,43,0.0006035087719298245,18,0.0007225143499377835,18,0.0007225143499377835,0.7612892867177778,3172,624,7294,0.010427877340524305,0.0004570919439546839,0.001141885152983501,0.0004570919439546839,0.001141885152983501,0.0007520328727222289,0.9607483610688539,25954,9632,1286,0.04954920243507745,449,0.046615448504983385,269,0.027927740863787374,0.2982765780730897,2921,223,52590,0.02920797214572687,0.04258309133099073,0.05100930147401377,0.02482075300815901,0.03141112473041564,0.04695598442435639,0.9927477631754992
strict_oversold_rebound_v2,147964,146580,31754,5146,0.035107108746077226,930,0.029287648800151164,930,0.029287648800151164,0.9569503054733262,3186,689,1384,0.009375492566066429,0.02748928404341152,0.031199889187630447,0.02748928404341152,0.031199889187630447,0.03034793997315741,0.9650621698229248,133060,30026,95,0.0007139636254321358,18,0.0005994804502764271,18,0.0005994804502764271,0.7429228002397922,3180,641,14904,0.010191240861086536,0.00037924905273650615,0.0009474798570823455,0.00037924905273650615,0.0009474798570823455,0.0007520328727222289,0.7971466035871698,61297,12968,3997,0.06520710638367294,663,0.05112584824182603,376,0.028994447871684145,0.27606415792720546,2926,238,86667,0.029027688238233453,0.04746616198693899,0.055051392135372475,0.026243106466983645,0.03202475482473228,0.04695598442435639,1.0888036715359908
rsi_mean_reversion,25614,25476,12553,1045,0.041018998272884286,351,0.0279614434796463,349,0.02780211901537481,0.9353939297379112,3147,535,138,0.015761070773613814,0.025218675543768027,0.030993028739944813,0.025067378725711343,0.030825774112312087,0.03034793997315741,0.9213621584983379,22134,11286,11,0.0004969729827414837,4,0.000354421407052986,3,0.0002658160552897395,0.7395888711678186,3110,491,3480,0.018357307966231928,0.00013783592338470284,0.0009110236964678378,9.040547156342042e-05,0.0007813037421213339,0.0007520328727222289,0.4712844609704916,12214,5445,1065,0.08719502210578026,384,0.07052341597796143,219,0.04022038567493113,0.3335169880624426,2761,171,13400,0.04860839802988564,0.06402144775049302,0.07763095022324902,0.03531766338469225,0.04577140154037221,0.04695598442435639,1.5019047485112558
